Wall time,Step,Value
1550556943.9278386,0,0.8129251599311829
1550557016.1827338,1,0.8868480920791626
1550557086.4880722,2,0.902721107006073
1550557157.833163,3,0.9190475940704346
1550557229.7077646,4,0.9303854703903198
1550557298.4742746,5,0.9249433279037476
1550557367.5884736,6,0.936734676361084
1550557434.0945978,7,0.9251700639724731
1550557499.2954872,8,0.9471655488014221
1550557570.2820923,9,0.9376417398452759
1550557643.7622786,10,0.9535147547721863
1550557722.4519317,11,0.9358276724815369
1550557798.7521355,12,0.9117913842201233
1550557871.7621138,13,0.9251700639724731
1550557951.8613164,14,0.9487528204917908
1550558030.5641468,15,0.9326530694961548
1550558102.4552937,16,0.9451247453689575
1550558181.9004343,17,0.9283446669578552
1550558256.752735,18,0.938548743724823
1550558331.951338,19,0.945805013179779
