Wall time,Step,Value
1550556943.9278386,0,0.8011084794998169
1550557016.1827338,1,0.8673792481422424
1550557086.4880722,2,0.8868566751480103
1550557157.833163,3,0.9000791907310486
1550557229.7077646,4,0.9068883657455444
1550557298.4742746,5,0.9015043377876282
1550557367.5874856,6,0.911163866519928
1550557434.0945978,7,0.9130641222000122
1550557499.2954872,8,0.9184481501579285
1550557570.2820923,9,0.91464763879776
1550557643.7622786,10,0.926444947719574
1550557722.4519317,11,0.91923987865448
1550557798.7521355,12,0.9097387194633484
1550557871.7621138,13,0.9098970890045166
1550557951.8613164,14,0.9266824722290039
1550558030.5641468,15,0.913776695728302
1550558102.4552937,16,0.9239904880523682
1550558181.9004343,17,0.9250198006629944
1550558256.752735,18,0.9258115887641907
1550558331.951338,19,0.9235154390335083
